Id,FirstName,LastName,Age,Address,Email
0,Loma,Mante,67,1681 Adan Flats Maximo Groves Tunnel,jamel@mertz.com
0,Yesenia,Ortiz,58,1621 Deja Mountains Hegmann Dale Village,aiyana@conroy.info
0,Boris,Bernier,74,04557 Jamil Square Krista Track Coves,loraine@kilback.ca
0,Leilani,Zulauf,33,783 Hagenes Tunnel Lynch Freeway Key,thalia.rogahn@zulauf.ca
0,Terry,Thiel,46,510 Nader Mall Donavon Park Fall,micah_jakubowski@mcglynnlittel.us
0,Chance,Erdman,26,62057 O'Kon Shore Abbott Ridges Oval,hipolito.rowe@schuppe.uk
0,Alva,Renner,70,3213 Tomasa Mountains Johnson Land Plains,ron@turcotteschaefer.info
0,Isabell,Halvorson,76,8520 Kaylee Hill Sanford Manor Island,lysanne@roob.name
0,Aniya,Christiansen,67,33316 Kuphal Island Alessandra Plains Meadow,sherman@starkfriesen.name
0,Jany,Harber,71,3317 Trent Freeway Schinner Lights Harbors,gardner_kautzer@bodehudson.com
